{
  "generatedAt": "2026-07-21T03:56:37.255Z",
  "slotId": "candy-carnival",
  "slotVersion": 5,
  "mathModelVersion": "5.0.0",
  "samples": 1000000,
  "bet": 100,
  "totalWagered": 100000000,
  "totalReturned": 93208349,
  "configuredTargetRtp": 0.94,
  "simulatedRtp": 0.93208349,
  "rtpDeviation": -0.007916509999999932,
  "rtp95ConfidenceInterval": [
    0.9207729455801376,
    0.9433940344198625
  ],
  "rtpBreakdown": {
    "base": 0.41717561,
    "freeSpins": 0.29143044,
    "respins": 0,
    "cascades": 0.20214244,
    "bonus": 0,
    "jackpot": 0.021335
  },
  "variance": 33.30081608540217,
  "standardDeviation": 5.770685928501235,
  "hitFrequency": 0.633205,
  "lossOrSubBetFrequency": 0.818701,
  "equalBetFrequency": 0,
  "profitableSpinFrequency": 0.181299,
  "freeSpinTriggerFrequency": 0.024527,
  "bonusTriggerFrequency": 0.003414,
  "respinTriggerFrequency": 0,
  "jackpotHitFrequency": 0.003414,
  "maxWinFrequency": 0,
  "maximumObservedWin": 118270,
  "maximumObservedWinMultiplier": 1182.7,
  "maximumWinStreak": 25,
  "maximumLossStreak": 16,
  "distribution": {
    "zero": 0.366795,
    "under1x": 0.451906,
    "from1xTo5x": 0.151145,
    "from5xTo15x": 0.023411,
    "from15xTo50x": 0.00544,
    "from50xTo100x": 0.000856,
    "atLeast100x": 0.000447
  }
}
