{
  "generatedAt": "2026-07-21T03:51:40.285Z",
  "slotId": "dragon-peak",
  "slotVersion": 3,
  "mathModelVersion": "3.0.0",
  "samples": 100000,
  "bet": 100,
  "totalWagered": 10000000,
  "totalReturned": 9347095,
  "configuredTargetRtp": 0.94,
  "simulatedRtp": 0.9347095,
  "rtpDeviation": -0.005290499999999976,
  "rtp95ConfidenceInterval": [
    0.9052514906772128,
    0.9641675093227872
  ],
  "rtpBreakdown": {
    "base": 0.5108515,
    "freeSpins": 0.1669095,
    "respins": 0,
    "cascades": 0.2431985,
    "bonus": 0,
    "jackpot": 0.01375
  },
  "variance": 22.588877375609616,
  "standardDeviation": 4.7527757548205045,
  "hitFrequency": 0.32097,
  "lossOrSubBetFrequency": 0.83133,
  "equalBetFrequency": 0.00273,
  "profitableSpinFrequency": 0.16594,
  "freeSpinTriggerFrequency": 0.01568,
  "bonusTriggerFrequency": 0.00235,
  "respinTriggerFrequency": 0,
  "jackpotHitFrequency": 0.00235,
  "maxWinFrequency": 0,
  "maximumObservedWin": 25505,
  "maximumObservedWinMultiplier": 255.05,
  "maximumWinStreak": 15,
  "maximumLossStreak": 30,
  "distribution": {
    "zero": 0.67903,
    "under1x": 0.1523,
    "from1xTo5x": 0.12752,
    "from5xTo15x": 0.03117,
    "from15xTo50x": 0.00809,
    "from50xTo100x": 0.00134,
    "atLeast100x": 0.00055
  }
}
