{
  "generatedAt": "2026-07-21T03:56:37.255Z",
  "slotId": "dragon-peak",
  "slotVersion": 3,
  "mathModelVersion": "3.0.0",
  "samples": 1000000,
  "bet": 100,
  "totalWagered": 100000000,
  "totalReturned": 94797225,
  "configuredTargetRtp": 0.94,
  "simulatedRtp": 0.94797225,
  "rtpDeviation": 0.007972250000000014,
  "rtp95ConfidenceInterval": [
    0.9373071272994998,
    0.9586373727005001
  ],
  "rtpBreakdown": {
    "base": 0.51391615,
    "freeSpins": 0.1660628,
    "respins": 0,
    "cascades": 0.2548433,
    "bonus": 0,
    "jackpot": 0.01315
  },
  "variance": 29.608715695731995,
  "standardDeviation": 5.44138913290825,
  "hitFrequency": 0.322448,
  "lossOrSubBetFrequency": 0.831361,
  "equalBetFrequency": 0.003085,
  "profitableSpinFrequency": 0.165554,
  "freeSpinTriggerFrequency": 0.016386,
  "bonusTriggerFrequency": 0.002334,
  "respinTriggerFrequency": 0,
  "jackpotHitFrequency": 0.002334,
  "maxWinFrequency": 0,
  "maximumObservedWin": 143900,
  "maximumObservedWinMultiplier": 1439,
  "maximumWinStreak": 15,
  "maximumLossStreak": 30,
  "distribution": {
    "zero": 0.677552,
    "under1x": 0.153809,
    "from1xTo5x": 0.127225,
    "from5xTo15x": 0.031198,
    "from15xTo50x": 0.008339,
    "from50xTo100x": 0.001365,
    "atLeast100x": 0.000512
  }
}
