{
  "generatedAt": "2026-07-21T03:56:37.255Z",
  "slotId": "frozen-kingdom",
  "slotVersion": 4,
  "mathModelVersion": "4.0.0",
  "samples": 1000000,
  "bet": 100,
  "totalWagered": 100000000,
  "totalReturned": 94377725,
  "configuredTargetRtp": 0.94,
  "simulatedRtp": 0.94377725,
  "rtpDeviation": 0.0037772500000000653,
  "rtp95ConfidenceInterval": [
    0.9306159995855109,
    0.9569385004144891
  ],
  "rtpBreakdown": {
    "base": 0.39756225,
    "freeSpins": 0.534545,
    "respins": 0,
    "cascades": 0,
    "bonus": 0,
    "jackpot": 0.01167
  },
  "variance": 45.09020003979879,
  "standardDeviation": 6.714923680861815,
  "hitFrequency": 0.465467,
  "lossOrSubBetFrequency": 0.874164,
  "equalBetFrequency": 0.008001,
  "profitableSpinFrequency": 0.117835,
  "freeSpinTriggerFrequency": 0.015157,
  "bonusTriggerFrequency": 0.00205,
  "respinTriggerFrequency": 0,
  "jackpotHitFrequency": 0.00205,
  "maxWinFrequency": 0,
  "maximumObservedWin": 71345,
  "maximumObservedWinMultiplier": 713.45,
  "maximumWinStreak": 15,
  "maximumLossStreak": 19,
  "distribution": {
    "zero": 0.534533,
    "under1x": 0.339631,
    "from1xTo5x": 0.106865,
    "from5xTo15x": 0.006844,
    "from15xTo50x": 0.009108,
    "from50xTo100x": 0.002147,
    "atLeast100x": 0.000872
  }
}
