{
  "generatedAt": "2026-07-21T03:56:37.255Z",
  "slotId": "jungle-temple",
  "slotVersion": 4,
  "mathModelVersion": "4.0.0",
  "samples": 1000000,
  "bet": 100,
  "totalWagered": 100000000,
  "totalReturned": 93494525,
  "configuredTargetRtp": 0.94,
  "simulatedRtp": 0.93494525,
  "rtpDeviation": -0.005054749999999997,
  "rtp95ConfidenceInterval": [
    0.9256495828824168,
    0.9442409171175831
  ],
  "rtpBreakdown": {
    "base": 0.40956755,
    "freeSpins": 0.193218,
    "respins": 0,
    "cascades": 0.2609217,
    "bonus": 0.058313,
    "jackpot": 0.012925
  },
  "variance": 22.493082871958805,
  "standardDeviation": 4.742687304889371,
  "hitFrequency": 0.322577,
  "lossOrSubBetFrequency": 0.817727,
  "equalBetFrequency": 0,
  "profitableSpinFrequency": 0.182273,
  "freeSpinTriggerFrequency": 0.016341,
  "bonusTriggerFrequency": 0.002222,
  "respinTriggerFrequency": 0,
  "jackpotHitFrequency": 0.002222,
  "maxWinFrequency": 0,
  "maximumObservedWin": 50500,
  "maximumObservedWinMultiplier": 505,
  "maximumWinStreak": 11,
  "maximumLossStreak": 34,
  "distribution": {
    "zero": 0.677423,
    "under1x": 0.140304,
    "from1xTo5x": 0.145018,
    "from5xTo15x": 0.025925,
    "from15xTo50x": 0.009704,
    "from50xTo100x": 0.001067,
    "atLeast100x": 0.000559
  }
}
