{
  "generatedAt": "2026-07-21T03:56:37.255Z",
  "slotId": "neon-nights",
  "slotVersion": 3,
  "mathModelVersion": "3.0.0",
  "samples": 1000000,
  "bet": 100,
  "totalWagered": 100000000,
  "totalReturned": 94563645,
  "configuredTargetRtp": 0.94,
  "simulatedRtp": 0.94563645,
  "rtpDeviation": 0.005636450000000015,
  "rtp95ConfidenceInterval": [
    0.9409440649847852,
    0.9503288350152147
  ],
  "rtpBreakdown": {
    "base": 0.2940135,
    "freeSpins": 0.0798668,
    "respins": 0.56100115,
    "cascades": 0,
    "bonus": 0,
    "jackpot": 0.010755
  },
  "variance": 5.731590256927192,
  "standardDeviation": 2.394073987354441,
  "hitFrequency": 0.484772,
  "lossOrSubBetFrequency": 0.761804,
  "equalBetFrequency": 0.01635,
  "profitableSpinFrequency": 0.221846,
  "freeSpinTriggerFrequency": 0.014195,
  "bonusTriggerFrequency": 0.001915,
  "respinTriggerFrequency": 0.399808,
  "jackpotHitFrequency": 0.001915,
  "maxWinFrequency": 0,
  "maximumObservedWin": 15120,
  "maximumObservedWinMultiplier": 151.2,
  "maximumWinStreak": 18,
  "maximumLossStreak": 22,
  "distribution": {
    "zero": 0.515228,
    "under1x": 0.246576,
    "from1xTo5x": 0.191813,
    "from5xTo15x": 0.041869,
    "from15xTo50x": 0.004424,
    "from50xTo100x": 0.000081,
    "atLeast100x": 0.000009
  }
}
