{
  "generatedAt": "2026-07-21T03:56:37.255Z",
  "slotId": "pharaoh-oasis",
  "slotVersion": 3,
  "mathModelVersion": "3.0.0",
  "samples": 1000000,
  "bet": 100,
  "totalWagered": 100000000,
  "totalReturned": 93530480,
  "configuredTargetRtp": 0.94,
  "simulatedRtp": 0.9353048,
  "rtpDeviation": -0.0046951999999998995,
  "rtp95ConfidenceInterval": [
    0.9269165700677084,
    0.9436930299322916
  ],
  "rtpBreakdown": {
    "base": 0.67521815,
    "freeSpins": 0.2472805,
    "respins": 0.00096115,
    "cascades": 0,
    "bonus": 0,
    "jackpot": 0.011845
  },
  "variance": 18.315910401133127,
  "standardDeviation": 4.279709149128376,
  "hitFrequency": 0.388969,
  "lossOrSubBetFrequency": 0.853845,
  "equalBetFrequency": 0.000802,
  "profitableSpinFrequency": 0.145353,
  "freeSpinTriggerFrequency": 0.01874,
  "bonusTriggerFrequency": 0.002038,
  "respinTriggerFrequency": 0.002038,
  "jackpotHitFrequency": 0.002038,
  "maxWinFrequency": 0,
  "maximumObservedWin": 58250,
  "maximumObservedWinMultiplier": 582.5,
  "maximumWinStreak": 14,
  "maximumLossStreak": 31,
  "distribution": {
    "zero": 0.611031,
    "under1x": 0.242814,
    "from1xTo5x": 0.098397,
    "from5xTo15x": 0.035835,
    "from15xTo50x": 0.01061,
    "from50xTo100x": 0.001168,
    "atLeast100x": 0.000145
  }
}
