{
  "generatedAt": "2026-07-21T03:56:37.255Z",
  "slotId": "vegas-gold",
  "slotVersion": 3,
  "mathModelVersion": "3.0.0",
  "samples": 1000000,
  "bet": 100,
  "totalWagered": 100000000,
  "totalReturned": 93720045,
  "configuredTargetRtp": 0.94,
  "simulatedRtp": 0.93720045,
  "rtpDeviation": -0.002799549999999984,
  "rtp95ConfidenceInterval": [
    0.9296795145435728,
    0.9447213854564271
  ],
  "rtpBreakdown": {
    "base": 0.78462545,
    "freeSpins": 0,
    "respins": 0,
    "cascades": 0,
    "bonus": 0.139395,
    "jackpot": 0.01318
  },
  "variance": 14.724195684023355,
  "standardDeviation": 3.8372119675649086,
  "hitFrequency": 0.523228,
  "lossOrSubBetFrequency": 0.734024,
  "equalBetFrequency": 0,
  "profitableSpinFrequency": 0.265976,
  "freeSpinTriggerFrequency": 0,
  "bonusTriggerFrequency": 0.002267,
  "respinTriggerFrequency": 0,
  "jackpotHitFrequency": 0.002267,
  "maxWinFrequency": 0,
  "maximumObservedWin": 18200,
  "maximumObservedWinMultiplier": 182,
  "maximumWinStreak": 20,
  "maximumLossStreak": 17,
  "distribution": {
    "zero": 0.476772,
    "under1x": 0.257252,
    "from1xTo5x": 0.243127,
    "from5xTo15x": 0.018796,
    "from15xTo50x": 0.002332,
    "from50xTo100x": 0.001494,
    "atLeast100x": 0.000227
  }
}
